"IngestionRunID","Word","Weight"
"WLExampleData","000",4.0163830207523885
"WLExampleData","100",3.100092288878234
"WLExampleData","1000",3.3232358401924436
"WLExampleData","101",4.0163830207523885
"WLExampleData","12/16/1902",4.0163830207523885
"WLExampleData","141",4.0163830207523885
"WLExampleData","1770",4.0163830207523885
"WLExampleData","1789",4.0163830207523885
"WLExampleData","1850",4.0163830207523885
"WLExampleData","1860",4.0163830207523885
"WLExampleData","1861",4.0163830207523885
"WLExampleData","1867",4.0163830207523885
"WLExampleData","1869",4.0163830207523885
"WLExampleData","1882",4.0163830207523885
"WLExampleData","1888",4.0163830207523885
"WLExampleData","1910",4.0163830207523885
"WLExampleData","1911",4.0163830207523885
"WLExampleData","1935",3.6109179126442243
"WLExampleData","1937",4.0163830207523885
"WLExampleData","1947",4.0163830207523885
"WLExampleData","1948",3.6109179126442243
"WLExampleData","1949",3.6109179126442243
"WLExampleData","1950",4.0163830207523885
"WLExampleData","1955",4.0163830207523885
"WLExampleData","1959",4.0163830207523885
"WLExampleData","1960",3.3232358401924436
"WLExampleData","1961",4.0163830207523885
"WLExampleData","1962",3.3232358401924436
"WLExampleData","1963",3.6109179126442243
"WLExampleData","1964",3.3232358401924436
"WLExampleData","1967",4.0163830207523885
"WLExampleData","1968",4.0163830207523885
"WLExampleData","1969",3.3232358401924436
"WLExampleData","1970",3.6109179126442243
"WLExampleData","1971",4.0163830207523885
"WLExampleData","1972",4.0163830207523885
"WLExampleData","1973",3.100092288878234
"WLExampleData","1974",3.6109179126442243
"WLExampleData","1975",4.0163830207523885
"WLExampleData","1978",3.6109179126442243
"WLExampleData","1979",3.6109179126442243
"WLExampleData","1980",4.0163830207523885
"WLExampleData","1983",4.0163830207523885
"WLExampleData","1984",3.6109179126442243
"WLExampleData","1986",4.0163830207523885
"WLExampleData","1987",4.0163830207523885
"WLExampleData","1990",4.0163830207523885
"WLExampleData","1991",4.0163830207523885
"WLExampleData","1993",4.0163830207523885
"WLExampleData","1999",4.0163830207523885
"WLExampleData","2000",4.0163830207523885
"WLExampleData","2001",4.0163830207523885
"WLExampleData","2003",4.0163830207523885
"WLExampleData","2005",4.0163830207523885
"WLExampleData","2006",4.0163830207523885
"WLExampleData","2009",4.0163830207523885
"WLExampleData","2010",3.6109179126442243
"WLExampleData","205",4.0163830207523885
"WLExampleData","209",4.0163830207523885
"WLExampleData","211",4.0163830207523885
"WLExampleData","24th",4.0163830207523885
"WLExampleData","25438",4.0163830207523885
"WLExampleData","258",4.0163830207523885
"WLExampleData","275",4.0163830207523885
"WLExampleData","28th",4.0163830207523885
"WLExampleData","2nd",4.0163830207523885
"WLExampleData","3000",4.0163830207523885
"WLExampleData","314",4.0163830207523885
"WLExampleData","3/4/1977",4.0163830207523885
"WLExampleData","365",4.0163830207523885
"WLExampleData","389",4.0163830207523885
"WLExampleData","462",4.0163830207523885
"WLExampleData","480",4.0163830207523885
"WLExampleData","4th",4.0163830207523885
"WLExampleData","500",4.0163830207523885
"WLExampleData","506",4.0163830207523885
"WLExampleData","863",4.0163830207523885
"WLExampleData","absorption",4.0163830207523885
"WLExampleData","accelerated",4.0163830207523885
"WLExampleData","accidental",4.0163830207523885
"WLExampleData","according",3.3232358401924436
"WLExampleData","account",4.0163830207523885
"WLExampleData","accumulations",4.0163830207523885
"WLExampleData","accurately",4.0163830207523885
"WLExampleData","acid",3.100092288878234
"WLExampleData","acre",4.0163830207523885
"WLExampleData","acute",4.0163830207523885
"WLExampleData","addition",4.0163830207523885
"WLExampleData","adjusted",4.0163830207523885
"WLExampleData","adjuvant",4.0163830207523885
"WLExampleData","admitted",4.0163830207523885
"WLExampleData","adrenal",4.0163830207523885
"WLExampleData","adult",4.0163830207523885
"WLExampleData","adults",4.0163830207523885
"WLExampleData","advanced",4.0163830207523885
"WLExampleData","age",4.0163830207523885
"WLExampleData","aged",3.6109179126442243
"WLExampleData","aggregate",4.0163830207523885
"WLExampleData","aids",3.6109179126442243
"WLExampleData","aim",4.0163830207523885
"WLExampleData","aircraft",4.0163830207523885
"WLExampleData","airline",3.6109179126442243
"WLExampleData","airlines",4.0163830207523885
"WLExampleData","airplane",4.0163830207523885
"WLExampleData","allo",4.0163830207523885
"WLExampleData","allogeneic",4.0163830207523885
"WLExampleData","alps",4.0163830207523885
"WLExampleData","alternative",4.0163830207523885
"WLExampleData","amboseli",4.0163830207523885
"WLExampleData","america",4.0163830207523885
"WLExampleData","american",4.0163830207523885
"WLExampleData","ammonia",4.0163830207523885
"WLExampleData","amount",4.0163830207523885
"WLExampleData","analysis",3.6109179126442243
"WLExampleData","anatomical",4.0163830207523885
"WLExampleData","angeles",4.0163830207523885
"WLExampleData","animal",4.0163830207523885
"WLExampleData","animals",4.0163830207523885
"WLExampleData","annual",2.763620052257021
"WLExampleData","anorexia",4.0163830207523885
"WLExampleData","anscombe",4.0163830207523885
"WLExampleData","appearance",4.0163830207523885
"WLExampleData","approximately",3.3232358401924436
"WLExampleData","april",4.0163830207523885
"WLExampleData","areas",4.0163830207523885
"WLExampleData","arrests",4.0163830207523885
"WLExampleData","arrived",4.0163830207523885
"WLExampleData","ascorbic",3.6109179126442243
"WLExampleData","ash",4.0163830207523885
"WLExampleData","assault",4.0163830207523885
"WLExampleData","assay",4.0163830207523885
"WLExampleData","assess",4.0163830207523885
"WLExampleData","associated",3.6109179126442243
"WLExampleData","assumed",4.0163830207523885
"WLExampleData","asthma",4.0163830207523885
"WLExampleData","attacks",4.0163830207523885
"WLExampleData","attitude",4.0163830207523885
"WLExampleData","australia",2.917770732084279
"WLExampleData","australian",4.0163830207523885
"WLExampleData","author",4.0163830207523885
"WLExampleData","authorship",4.0163830207523885
"WLExampleData","auto",3.6109179126442243
"WLExampleData","autologous",4.0163830207523885
"WLExampleData","average",3.100092288878234
"WLExampleData","averaged",4.0163830207523885
"WLExampleData","averages",3.6109179126442243
"WLExampleData","baboon",4.0163830207523885
"WLExampleData","baboons",4.0163830207523885
"WLExampleData","bacteria",4.0163830207523885
"WLExampleData","ball",4.0163830207523885
"WLExampleData","bank",4.0163830207523885
"WLExampleData","barometric",4.0163830207523885
"WLExampleData","barrels",4.0163830207523885
"WLExampleData","batch",4.0163830207523885
"WLExampleData","batchchemicalprocessyields",4.0163830207523885
"WLExampleData","bay",4.0163830207523885
"WLExampleData","bearings",4.0163830207523885
"WLExampleData","beaver",4.0163830207523885
"WLExampleData","belgian",4.0163830207523885
"WLExampleData","belgium",4.0163830207523885
"WLExampleData","belts",4.0163830207523885
"WLExampleData","benefit",4.0163830207523885
"WLExampleData","billion",4.0163830207523885
"WLExampleData","biochemical",4.0163830207523885
"WLExampleData","biopsy",4.0163830207523885
"WLExampleData","birth",3.6109179126442243
"WLExampleData","black",4.0163830207523885
"WLExampleData","blood",4.0163830207523885
"WLExampleData","bod",4.0163830207523885
"WLExampleData","body",3.3232358401924436
"WLExampleData","bofors",4.0163830207523885
"WLExampleData","boiling",4.0163830207523885
"WLExampleData","bone",3.3232358401924436
"WLExampleData","border",4.0163830207523885
"WLExampleData","borealis",4.0163830207523885
"WLExampleData","boston",4.0163830207523885
"WLExampleData","bounding",4.0163830207523885
"WLExampleData","box",2.144580843850797
"WLExampleData","brain",4.0163830207523885
"WLExampleData","break",4.0163830207523885
"WLExampleData","breaks",4.0163830207523885
"WLExampleData","breast",4.0163830207523885
"WLExampleData","britain",4.0163830207523885
"WLExampleData","britan",4.0163830207523885
"WLExampleData","bronchitis",4.0163830207523885
"WLExampleData","brownlee",4.0163830207523885
"WLExampleData","buffalo",4.0163830207523885
"WLExampleData","business",4.0163830207523885
"WLExampleData","cabbage",4.0163830207523885
"WLExampleData","cabbages",4.0163830207523885
"WLExampleData","california",4.0163830207523885
"WLExampleData","calls",4.0163830207523885
"WLExampleData","campus",4.0163830207523885
"WLExampleData","campuses",4.0163830207523885
"WLExampleData","canadensis",4.0163830207523885
"WLExampleData","canadian",4.0163830207523885
"WLExampleData","cancer",3.3232358401924436
"WLExampleData","capita",4.0163830207523885
"WLExampleData","car",3.6109179126442243
"WLExampleData","carbon",4.0163830207523885
"WLExampleData","cars",4.0163830207523885
"WLExampleData","case",4.0163830207523885
"WLExampleData","castor",4.0163830207523885
"WLExampleData","category",4.0163830207523885
"WLExampleData","cats",4.0163830207523885
"WLExampleData","cement",4.0163830207523885
"WLExampleData","cements",4.0163830207523885
"WLExampleData","censored",3.100092288878234
"WLExampleData","censoring",4.0163830207523885
"WLExampleData","center",4.0163830207523885
"WLExampleData","central",3.6109179126442243
"WLExampleData","ceramic",4.0163830207523885
"WLExampleData","ceramics",4.0163830207523885
"WLExampleData","change",4.0163830207523885
"WLExampleData","changes",4.0163830207523885
"WLExampleData","channing",4.0163830207523885
"WLExampleData","characteristics",4.0163830207523885
"WLExampleData","chart",4.0163830207523885
"WLExampleData","chatterjee",4.0163830207523885
"WLExampleData","chemical",2.630088659632498
"WLExampleData","chemicalprocessconcentrations",4.0163830207523885
"WLExampleData","chemicalprocesstemperatures",4.0163830207523885
"WLExampleData","chemicalprocessviscosityreadings",4.0163830207523885
"WLExampleData","chemotherapy",3.6109179126442243
"WLExampleData","cherry",4.0163830207523885
"WLExampleData","chicken",4.0163830207523885
"WLExampleData","chickens",4.0163830207523885
"WLExampleData","child",4.0163830207523885
"WLExampleData","children",3.3232358401924436
"WLExampleData","chloride",4.0163830207523885
"WLExampleData","choral",4.0163830207523885
"WLExampleData","chosen",4.0163830207523885
"WLExampleData","chromatropic",4.0163830207523885
"WLExampleData","circumferences",4.0163830207523885
"WLExampleData","city",3.6109179126442243
"WLExampleData","claimed",4.0163830207523885
"WLExampleData","classification",4.0163830207523885
"WLExampleData","clinical",4.0163830207523885
"WLExampleData","closing",4.0163830207523885
"WLExampleData","clouds",4.0163830207523885
"WLExampleData","codded",4.0163830207523885
"WLExampleData","collected",3.100092288878234
"WLExampleData","collection",3.6109179126442243
"WLExampleData","commercial",4.0163830207523885
"WLExampleData","common",4.0163830207523885
"WLExampleData","company",4.0163830207523885
"WLExampleData","compare",3.3232358401924436
"WLExampleData","compared",4.0163830207523885
"WLExampleData","comparing",4.0163830207523885
"WLExampleData","comparison",3.6109179126442243
"WLExampleData","compiled",3.6109179126442243
"WLExampleData","composite",4.0163830207523885
"WLExampleData","compulsory",4.0163830207523885
"WLExampleData","computer",4.0163830207523885
"WLExampleData","concentrated",4.0163830207523885
"WLExampleData","concentration",2.917770732084279
"WLExampleData","concentrations",3.6109179126442243
"WLExampleData","conducted",4.0163830207523885
"WLExampleData","conductivity",4.0163830207523885
"WLExampleData","conic",4.0163830207523885
"WLExampleData","connecticut",4.0163830207523885
"WLExampleData","consecutive",4.0163830207523885
"WLExampleData","considered",3.6109179126442243
"WLExampleData","consisting",3.6109179126442243
"WLExampleData","consists",3.6109179126442243
"WLExampleData","contain",4.0163830207523885
"WLExampleData","containing",4.0163830207523885
"WLExampleData","contains",3.3232358401924436
"WLExampleData","contaminated",4.0163830207523885
"WLExampleData","content",3.3232358401924436
"WLExampleData","control",3.3232358401924436
"WLExampleData","coordinates",4.0163830207523885
"WLExampleData","copper",4.0163830207523885
"WLExampleData","corona",4.0163830207523885
"WLExampleData","correlation",4.0163830207523885
"WLExampleData","cortisol",4.0163830207523885
"WLExampleData","cosmetic",4.0163830207523885
"WLExampleData","cotton",4.0163830207523885
"WLExampleData","counterfeit",4.0163830207523885
"WLExampleData","cpu",4.0163830207523885
"WLExampleData","cpus",4.0163830207523885
"WLExampleData","crab",4.0163830207523885
"WLExampleData","crabs",4.0163830207523885
"WLExampleData","craters",4.0163830207523885
"WLExampleData","crescent",4.0163830207523885
"WLExampleData","cubic",4.0163830207523885
"WLExampleData","cultivar",4.0163830207523885
"WLExampleData","current",4.0163830207523885
"WLExampleData","curtius",4.0163830207523885
"WLExampleData","cushing",4.0163830207523885
"WLExampleData","cushings",4.0163830207523885
"WLExampleData","cycle",4.0163830207523885
"WLExampleData","cycles",4.0163830207523885
"WLExampleData","cyrtoideae",4.0163830207523885
"WLExampleData","daily",2.763620052257021
"WLExampleData","dam",4.0163830207523885
"WLExampleData","data",0.5986563371390229
"WLExampleData","datasets",4.0163830207523885
"WLExampleData","date",3.6109179126442243
"WLExampleData","day",3.3232358401924436
"WLExampleData","days",3.3232358401924436
"WLExampleData","ddt",4.0163830207523885
"WLExampleData","death",2.917770732084279
"WLExampleData","deaths",3.100092288878234
"WLExampleData","dec",3.6109179126442243
"WLExampleData","decade",4.0163830207523885
"WLExampleData","december",3.6109179126442243
"WLExampleData","decreases",4.0163830207523885
"WLExampleData","deep",4.0163830207523885
"WLExampleData","defined",4.0163830207523885
"WLExampleData","degrees",4.0163830207523885
"WLExampleData","delivery",4.0163830207523885
"WLExampleData","demand",4.0163830207523885
"WLExampleData","demonstrate",4.0163830207523885
"WLExampleData","denmark",4.0163830207523885
"WLExampleData","department",3.6109179126442243
"WLExampleData","departments",4.0163830207523885
"WLExampleData","depend",4.0163830207523885
"WLExampleData","dependent",4.0163830207523885
"WLExampleData","depressions",4.0163830207523885
"WLExampleData","depths",4.0163830207523885
"WLExampleData","descend",4.0163830207523885
"WLExampleData","descended",4.0163830207523885
"WLExampleData","descent",4.0163830207523885
"WLExampleData","destroyed",4.0163830207523885
"WLExampleData","destructive",4.0163830207523885
"WLExampleData","deterioration",4.0163830207523885
"WLExampleData","determinations",3.6109179126442243
"WLExampleData","determine",4.0163830207523885
"WLExampleData","developed",4.0163830207523885
"WLExampleData","development",4.0163830207523885
"WLExampleData","diagnosed",4.0163830207523885
"WLExampleData","diagnostic",4.0163830207523885
"WLExampleData","dialysis",4.0163830207523885
"WLExampleData","diameter",4.0163830207523885
"WLExampleData","diameters",4.0163830207523885
"WLExampleData","different",3.3232358401924436
"WLExampleData","digitalis",4.0163830207523885
"WLExampleData","dioxide",4.0163830207523885
"WLExampleData","directly",4.0163830207523885
"WLExampleData","discovered",4.0163830207523885
"WLExampleData","discoveries",4.0163830207523885
"WLExampleData","discriminant",4.0163830207523885
"WLExampleData","discussed",4.0163830207523885
"WLExampleData","disease",4.0163830207523885
"WLExampleData","diseases",4.0163830207523885
"WLExampleData","disorder",4.0163830207523885
"WLExampleData","disputes",4.0163830207523885
"WLExampleData","dissimilar",4.0163830207523885
"WLExampleData","distance",3.6109179126442243
"WLExampleData","distances",4.0163830207523885
"WLExampleData","distributed",4.0163830207523885
"WLExampleData","distribution",4.0163830207523885
"WLExampleData","distributions",4.0163830207523885
"WLExampleData","divided",4.0163830207523885
"WLExampleData","dnase",4.0163830207523885
"WLExampleData","dollars",3.6109179126442243
"WLExampleData","domestic",3.6109179126442243
"WLExampleData","dose",4.0163830207523885
"WLExampleData","doses",4.0163830207523885
"WLExampleData","downtown",4.0163830207523885
"WLExampleData","dried",4.0163830207523885
"WLExampleData","drivers",4.0163830207523885
"WLExampleData","drug",4.0163830207523885
"WLExampleData","drugs",4.0163830207523885
"WLExampleData","due",3.6109179126442243
"WLExampleData","duration",4.0163830207523885
"WLExampleData","ear",4.0163830207523885
"WLExampleData","early",3.6109179126442243
"WLExampleData","earthquake",3.6109179126442243
"WLExampleData","earthquakes",3.6109179126442243
"WLExampleData","economic",3.6109179126442243
"WLExampleData","economical",4.0163830207523885
"WLExampleData","effect",3.3232358401924436
"WLExampleData","effectiveness",4.0163830207523885
"WLExampleData","effects",3.6109179126442243
"WLExampleData","efficiency",4.0163830207523885
"WLExampleData","eight",4.0163830207523885
"WLExampleData","electrical",4.0163830207523885
"WLExampleData","elevation",4.0163830207523885
"WLExampleData","elisa",4.0163830207523885
"WLExampleData","emphysema",4.0163830207523885
"WLExampleData","employed",4.0163830207523885
"WLExampleData","employee",4.0163830207523885
"WLExampleData","employees",4.0163830207523885
"WLExampleData","enhances",4.0163830207523885
"WLExampleData","enzymatic",4.0163830207523885
"WLExampleData","equation",4.0163830207523885
"WLExampleData","eruption",4.0163830207523885
"WLExampleData","eruptions",4.0163830207523885
"WLExampleData","escaped",4.0163830207523885
"WLExampleData","esophageal",4.0163830207523885
"WLExampleData","estimate",4.0163830207523885
"WLExampleData","etc",4.0163830207523885
"WLExampleData","eureka",4.0163830207523885
"WLExampleData","events",4.0163830207523885
"WLExampleData","evidence",3.6109179126442243
"WLExampleData","evolved",4.0163830207523885
"WLExampleData","example",4.0163830207523885
"WLExampleData","excision",4.0163830207523885
"WLExampleData","excretion",4.0163830207523885
"WLExampleData","exit",4.0163830207523885
"WLExampleData","experiment",2.763620052257021
"WLExampleData","experiments",4.0163830207523885
"WLExampleData","extract",4.0163830207523885
"WLExampleData","fact",4.0163830207523885
"WLExampleData","factors",3.100092288878234
"WLExampleData","fahrenheit",4.0163830207523885
"WLExampleData","failure",3.6109179126442243
"WLExampleData","failures",3.6109179126442243
"WLExampleData","faithful",4.0163830207523885
"WLExampleData","far",4.0163830207523885
"WLExampleData","fatalities",4.0163830207523885
"WLExampleData","fatigue",4.0163830207523885
"WLExampleData","favorable",4.0163830207523885
"WLExampleData","features",4.0163830207523885
"WLExampleData","february",4.0163830207523885
"WLExampleData","feed",4.0163830207523885
"WLExampleData","feet",3.6109179126442243
"WLExampleData","felled",4.0163830207523885
"WLExampleData","female",2.917770732084279
"WLExampleData","fertility",4.0163830207523885
"WLExampleData","fiber",4.0163830207523885
"WLExampleData","field",3.6109179126442243
"WLExampleData","fields",4.0163830207523885
"WLExampleData","fifty",3.6109179126442243
"WLExampleData","financial",4.0163830207523885
"WLExampleData","fisher",3.6109179126442243
"WLExampleData","five",3.6109179126442243
"WLExampleData","flat",4.0163830207523885
"WLExampleData","flour",4.0163830207523885
"WLExampleData","flow",4.0163830207523885
"WLExampleData","flowers",4.0163830207523885
"WLExampleData","flown",4.0163830207523885
"WLExampleData","flows",4.0163830207523885
"WLExampleData","fluctuation",4.0163830207523885
"WLExampleData","fluctuations",4.0163830207523885
"WLExampleData","fly",4.0163830207523885
"WLExampleData","followed",4.0163830207523885
"WLExampleData","formaldehyde",4.0163830207523885
"WLExampleData","forth",4.0163830207523885
"WLExampleData","france",4.0163830207523885
"WLExampleData","fremantle",4.0163830207523885
"WLExampleData","french",4.0163830207523885
"WLExampleData","function",4.0163830207523885
"WLExampleData","fur",4.0163830207523885
"WLExampleData","furnace",4.0163830207523885
"WLExampleData","gag",4.0163830207523885
"WLExampleData","galaxies",4.0163830207523885
"WLExampleData","galaxy",4.0163830207523885
"WLExampleData","gas",4.0163830207523885
"WLExampleData","gasfurnacedata",4.0163830207523885
"WLExampleData","gdp",4.0163830207523885
"WLExampleData","gentle",4.0163830207523885
"WLExampleData","genuine",4.0163830207523885
"WLExampleData","geological",3.6109179126442243
"WLExampleData","geologist",4.0163830207523885
"WLExampleData","geyser",4.0163830207523885
"WLExampleData","gilgai",4.0163830207523885
"WLExampleData","gilgais",4.0163830207523885
"WLExampleData","girth",4.0163830207523885
"WLExampleData","given",2.763620052257021
"WLExampleData","giving",3.100092288878234
"WLExampleData","gland",4.0163830207523885
"WLExampleData","glass",4.0163830207523885
"WLExampleData","grams",3.6109179126442243
"WLExampleData","great",3.6109179126442243
"WLExampleData","greatest",4.0163830207523885
"WLExampleData","grid",4.0163830207523885
"WLExampleData","groove",4.0163830207523885
"WLExampleData","gross",4.0163830207523885
"WLExampleData","group",4.0163830207523885
"WLExampleData","grouped",4.0163830207523885
"WLExampleData","groups",4.0163830207523885
"WLExampleData","growth",2.917770732084279
"WLExampleData","guinea",4.0163830207523885
"WLExampleData","half",4.0163830207523885
"WLExampleData","hawaii",4.0163830207523885
"WLExampleData","head",4.0163830207523885
"WLExampleData","heart",4.0163830207523885
"WLExampleData","heat",4.0163830207523885
"WLExampleData","height",3.6109179126442243
"WLExampleData","heights",3.6109179126442243
"WLExampleData","help",4.0163830207523885
"WLExampleData","hence",4.0163830207523885
"WLExampleData","high",4.0163830207523885
"WLExampleData","highest",4.0163830207523885
"WLExampleData","hill",4.0163830207523885
"WLExampleData","history",4.0163830207523885
"WLExampleData","hiv",4.0163830207523885
"WLExampleData","hla",4.0163830207523885
"WLExampleData","hno3",4.0163830207523885
"WLExampleData","hodgkin",4.0163830207523885
"WLExampleData","hodgkins",4.0163830207523885
"WLExampleData","hog",4.0163830207523885
"WLExampleData","home",4.0163830207523885
"WLExampleData","homes",4.0163830207523885
"WLExampleData","hoover",4.0163830207523885
"WLExampleData","hospitals",4.0163830207523885
"WLExampleData","hourly",3.6109179126442243
"WLExampleData","hours",3.6109179126442243
"WLExampleData","house",4.0163830207523885
"WLExampleData","housing",4.0163830207523885
"WLExampleData","hudson",4.0163830207523885
"WLExampleData","hurricane",4.0163830207523885
"WLExampleData","hurricanes",4.0163830207523885
"WLExampleData","hypertensive",4.0163830207523885
"WLExampleData","hypothesis",4.0163830207523885
"WLExampleData","ibm",4.0163830207523885
"WLExampleData","ibmstockclosingprices",4.0163830207523885
"WLExampleData","identified",4.0163830207523885
"WLExampleData","ile",4.0163830207523885
"WLExampleData","immune",4.0163830207523885
"WLExampleData","improved",4.0163830207523885
"WLExampleData","inches",3.3232358401924436
"WLExampleData","included",4.0163830207523885
"WLExampleData","including",4.0163830207523885
"WLExampleData","income",4.0163830207523885
"WLExampleData","increase",3.3232358401924436
"WLExampleData","index",4.0163830207523885
"WLExampleData","india",4.0163830207523885
"WLExampleData","indian",4.0163830207523885
"WLExampleData","indicated",4.0163830207523885
"WLExampleData","indicator",4.0163830207523885
"WLExampleData","indicators",4.0163830207523885
"WLExampleData","individuals",3.6109179126442243
"WLExampleData","indomethicin",4.0163830207523885
"WLExampleData","induction",4.0163830207523885
"WLExampleData","infant",4.0163830207523885
"WLExampleData","infected",4.0163830207523885
"WLExampleData","infection",3.6109179126442243
"WLExampleData","infections",4.0163830207523885
"WLExampleData","influential",4.0163830207523885
"WLExampleData","ingredients",4.0163830207523885
"WLExampleData","injured",4.0163830207523885
"WLExampleData","input",4.0163830207523885
"WLExampleData","instantaneous",4.0163830207523885
"WLExampleData","insufficiency",4.0163830207523885
"WLExampleData","international",3.6109179126442243
"WLExampleData","internationalairlinepassengers",4.0163830207523885
"WLExampleData","interval",3.6109179126442243
"WLExampleData","intervals",3.6109179126442243
"WLExampleData","introduced",4.0163830207523885
"WLExampleData","inventions",4.0163830207523885
"WLExampleData","inverse",4.0163830207523885
"WLExampleData","iowa",4.0163830207523885
"WLExampleData","iris",4.0163830207523885
"WLExampleData","islands",4.0163830207523885
"WLExampleData","jan",3.6109179126442243
"WLExampleData","january",2.917770732084279
"WLExampleData","jenkins",2.144580843850797
"WLExampleData","jersey",4.0163830207523885
"WLExampleData","johann",4.0163830207523885
"WLExampleData","juice",4.0163830207523885
"WLExampleData","july",3.3232358401924436
"WLExampleData","june",3.6109179126442243
"WLExampleData","kale",4.0163830207523885
"WLExampleData","kenya",4.0163830207523885
"WLExampleData","kg/mm^2",4.0163830207523885
"WLExampleData","kidney",3.6109179126442243
"WLExampleData","killed",4.0163830207523885
"WLExampleData","km/sec",4.0163830207523885
"WLExampleData","known",2.0704728716970755
"WLExampleData","laboratories",4.0163830207523885
"WLExampleData","lake",4.0163830207523885
"WLExampleData","land",3.6109179126442243
"WLExampleData","large",4.0163830207523885
"WLExampleData","laryngeal",4.0163830207523885
"WLExampleData","larynx",4.0163830207523885
"WLExampleData","left",3.6109179126442243
"WLExampleData","length",3.100092288878234
"WLExampleData","lengths",3.6109179126442243
"WLExampleData","leptograpsus",4.0163830207523885
"WLExampleData","leroy",4.0163830207523885
"WLExampleData","letters",4.0163830207523885
"WLExampleData","leukemia",3.6109179126442243
"WLExampleData","level",4.0163830207523885
"WLExampleData","levels",3.100092288878234
"WLExampleData","life",3.100092288878234
"WLExampleData","light",3.6109179126442243
"WLExampleData","lincoln",4.0163830207523885
"WLExampleData","line",3.6109179126442243
"WLExampleData","linear",3.6109179126442243
"WLExampleData","lines",4.0163830207523885
"WLExampleData","living",4.0163830207523885
"WLExampleData","loblolly",4.0163830207523885
"WLExampleData","locations",3.6109179126442243
"WLExampleData","log10",4.0163830207523885
"WLExampleData","logged",4.0163830207523885
"WLExampleData","longley",4.0163830207523885
"WLExampleData","loom",4.0163830207523885
"WLExampleData","los",4.0163830207523885
"WLExampleData","losangelesozonereadings",4.0163830207523885
"WLExampleData","loss",3.6109179126442243
"WLExampleData","low",4.0163830207523885
"WLExampleData","lowest",4.0163830207523885
"WLExampleData","lung",4.0163830207523885
"WLExampleData","lymphoma",4.0163830207523885
"WLExampleData","machining",4.0163830207523885
"WLExampleData","magnitude",4.0163830207523885
"WLExampleData","magnitudes",4.0163830207523885
"WLExampleData","mahanadi",4.0163830207523885
"WLExampleData","main",4.0163830207523885
"WLExampleData","major",4.0163830207523885
"WLExampleData","male",3.3232358401924436
"WLExampleData","malignant",4.0163830207523885
"WLExampleData","march",4.0163830207523885
"WLExampleData","mark",4.0163830207523885
"WLExampleData","marrow",3.3232358401924436
"WLExampleData","marske",4.0163830207523885
"WLExampleData","mastectomy",4.0163830207523885
"WLExampleData","matched",4.0163830207523885
"WLExampleData","maxima",4.0163830207523885
"WLExampleData","maximum",3.6109179126442243
"WLExampleData","mead",4.0163830207523885
"WLExampleData","mean",3.6109179126442243
"WLExampleData","measure",3.100092288878234
"WLExampleData","measured",2.144580843850797
"WLExampleData","measurement",3.100092288878234
"WLExampleData","measurements",2.763620052257021
"WLExampleData","measures",3.100092288878234
"WLExampleData","media",4.0163830207523885
"WLExampleData","median",4.0163830207523885
"WLExampleData","melanoma",4.0163830207523885
"WLExampleData","members",4.0163830207523885
"WLExampleData","menten",4.0163830207523885
"WLExampleData","mercury",3.6109179126442243
"WLExampleData","metabolites",4.0163830207523885
"WLExampleData","meter",4.0163830207523885
"WLExampleData","meters",4.0163830207523885
"WLExampleData","methods",3.6109179126442243
"WLExampleData","michaelis",4.0163830207523885
"WLExampleData","michaelson",4.0163830207523885
"WLExampleData","micron",4.0163830207523885
"WLExampleData","microns",4.0163830207523885
"WLExampleData","midnight",4.0163830207523885
"WLExampleData","miles",3.6109179126442243
"WLExampleData","millimeters",4.0163830207523885
"WLExampleData","million",3.6109179126442243
"WLExampleData","millions",3.3232358401924436
"WLExampleData","millionths",4.0163830207523885
"WLExampleData","minimum",4.0163830207523885
"WLExampleData","mink",4.0163830207523885
"WLExampleData","minkfursales",4.0163830207523885
"WLExampleData","minute",3.6109179126442243
"WLExampleData","minutes",3.6109179126442243
"WLExampleData","missing",4.0163830207523885
"WLExampleData","moderate",4.0163830207523885
"WLExampleData","monthly",2.763620052257021
"WLExampleData","months",3.6109179126442243
"WLExampleData","morley",4.0163830207523885
"WLExampleData","morphological",4.0163830207523885
"WLExampleData","motor",4.0163830207523885
"WLExampleData","motorettes",4.0163830207523885
"WLExampleData","multimodality",4.0163830207523885
"WLExampleData","multiple",4.0163830207523885
"WLExampleData","murder",4.0163830207523885
"WLExampleData","myelogenous",4.0163830207523885
"WLExampleData","name",4.0163830207523885
"WLExampleData","names",4.0163830207523885
"WLExampleData","nase",4.0163830207523885
"WLExampleData","national",4.0163830207523885
"WLExampleData","natural",4.0163830207523885
"WLExampleData","nebraska",4.0163830207523885
"WLExampleData","new",2.763620052257021
"WLExampleData","newark",4.0163830207523885
"WLExampleData","newcomb",4.0163830207523885
"WLExampleData","nh3",4.0163830207523885
"WLExampleData","nickel",4.0163830207523885
"WLExampleData","nine",4.0163830207523885
"WLExampleData","nitric",4.0163830207523885
"WLExampleData","non",4.0163830207523885
"WLExampleData","none",4.0163830207523885
"WLExampleData","normal",3.6109179126442243
"WLExampleData","north",3.6109179126442243
"WLExampleData","northern",4.0163830207523885
"WLExampleData","note",4.0163830207523885
"WLExampleData","notes",4.0163830207523885
"WLExampleData","nov",4.0163830207523885
"WLExampleData","number",2.512305623976115
"WLExampleData","numbers",3.3232358401924436
"WLExampleData","numeric",4.0163830207523885
"WLExampleData","observation",3.3232358401924436
"WLExampleData","observations",3.3232358401924436
"WLExampleData","observe",4.0163830207523885
"WLExampleData","observed",4.0163830207523885
"WLExampleData","observers",4.0163830207523885
"WLExampleData","obtained",3.3232358401924436
"WLExampleData","occurred",3.6109179126442243
"WLExampleData","october",4.0163830207523885
"WLExampleData","odontoblasts",4.0163830207523885
"WLExampleData","offsetting",4.0163830207523885
"WLExampleData","ohio",4.0163830207523885
"WLExampleData","oil",4.0163830207523885
"WLExampleData","old",4.0163830207523885
"WLExampleData","ones",4.0163830207523885
"WLExampleData","operation",4.0163830207523885
"WLExampleData","operational",4.0163830207523885
"WLExampleData","orange",3.6109179126442243
"WLExampleData","order",4.0163830207523885
"WLExampleData","organization",4.0163830207523885
"WLExampleData","originaly",4.0163830207523885
"WLExampleData","orleans",4.0163830207523885
"WLExampleData","otherwise",4.0163830207523885
"WLExampleData","otitis",4.0163830207523885
"WLExampleData","outcomes",4.0163830207523885
"WLExampleData","outlet",4.0163830207523885
"WLExampleData","oxidation",4.0163830207523885
"WLExampleData","oxide",4.0163830207523885
"WLExampleData","oxygen",4.0163830207523885
"WLExampleData","ozone",3.6109179126442243
"WLExampleData","pairs",4.0163830207523885
"WLExampleData","park",4.0163830207523885
"WLExampleData","particle",4.0163830207523885
"WLExampleData","parts",3.100092288878234
"WLExampleData","passage",4.0163830207523885
"WLExampleData","passegers",4.0163830207523885
"WLExampleData","passenger",4.0163830207523885
"WLExampleData","passengers",4.0163830207523885
"WLExampleData","patients",2.0704728716970755
"WLExampleData","patterns",4.0163830207523885
"WLExampleData","pediatric",4.0163830207523885
"WLExampleData","pediatrican",4.0163830207523885
"WLExampleData","percentage",2.917770732084279
"WLExampleData","percentages",4.0163830207523885
"WLExampleData","performance",4.0163830207523885
"WLExampleData","period",3.3232358401924436
"WLExampleData","pesticide",4.0163830207523885
"WLExampleData","petal",4.0163830207523885
"WLExampleData","pharmacokinetics",4.0163830207523885
"WLExampleData","phone",4.0163830207523885
"WLExampleData","pig",4.0163830207523885
"WLExampleData","pigs",4.0163830207523885
"WLExampleData","pine",4.0163830207523885
"WLExampleData","pitch",4.0163830207523885
"WLExampleData","plant",3.6109179126442243
"WLExampleData","planting",4.0163830207523885
"WLExampleData","plants",4.0163830207523885
"WLExampleData","plus",4.0163830207523885
"WLExampleData","point",3.6109179126442243
"WLExampleData","points",3.6109179126442243
"WLExampleData","polygon",4.0163830207523885
"WLExampleData","polynomial",4.0163830207523885
"WLExampleData","poor",4.0163830207523885
"WLExampleData","poors",4.0163830207523885
"WLExampleData","population",3.3232358401924436
"WLExampleData","portland",4.0163830207523885
"WLExampleData","potential",3.6109179126442243
"WLExampleData","ppb",4.0163830207523885
"WLExampleData","pphm",4.0163830207523885
"WLExampleData","ppm",3.6109179126442243
"WLExampleData","presence",4.0163830207523885
"WLExampleData","preserves",4.0163830207523885
"WLExampleData","pressure",3.6109179126442243
"WLExampleData","prevent",4.0163830207523885
"WLExampleData","price",3.6109179126442243
"WLExampleData","prices",3.6109179126442243
"WLExampleData","procedure",4.0163830207523885
"WLExampleData","process",3.100092288878234
"WLExampleData","produce",4.0163830207523885
"WLExampleData","producing",4.0163830207523885
"WLExampleData","product",4.0163830207523885
"WLExampleData","production",4.0163830207523885
"WLExampleData","properties",3.6109179126442243
"WLExampleData","protein",4.0163830207523885
"WLExampleData","provinces",4.0163830207523885
"WLExampleData","psychiatric",4.0163830207523885
"WLExampleData","published",4.0163830207523885
"WLExampleData","puerto",4.0163830207523885
"WLExampleData","puromycin",4.0163830207523885
"WLExampleData","quantitative",4.0163830207523885
"WLExampleData","quarter",4.0163830207523885
"WLExampleData","quarterly",4.0163830207523885
"WLExampleData","question",4.0163830207523885
"WLExampleData","questionnaire",4.0163830207523885
"WLExampleData","questions",4.0163830207523885
"WLExampleData","quintus",4.0163830207523885
"WLExampleData","races",4.0163830207523885
"WLExampleData","radiation",4.0163830207523885
"WLExampleData","radiotherapy",4.0163830207523885
"WLExampleData","rainfall",3.6109179126442243
"WLExampleData","random",4.0163830207523885
"WLExampleData","randomly",3.6109179126442243
"WLExampleData","range",4.0163830207523885
"WLExampleData","ranging",4.0163830207523885
"WLExampleData","ranked",4.0163830207523885
"WLExampleData","rape",4.0163830207523885
"WLExampleData","rat",4.0163830207523885
"WLExampleData","rate",3.3232358401924436
"WLExampleData","rates",4.0163830207523885
"WLExampleData","reaction",4.0163830207523885
"WLExampleData","reactions",4.0163830207523885
"WLExampleData","reading",4.0163830207523885
"WLExampleData","readings",3.100092288878234
"WLExampleData","received",4.0163830207523885
"WLExampleData","receiving",4.0163830207523885
"WLExampleData","recombinant",4.0163830207523885
"WLExampleData","record",3.6109179126442243
"WLExampleData","recorded",2.917770732084279
"WLExampleData","records",3.6109179126442243
"WLExampleData","recurrence",4.0163830207523885
"WLExampleData","reflected",4.0163830207523885
"WLExampleData","regarding",4.0163830207523885
"WLExampleData","regimens",4.0163830207523885
"WLExampleData","region",4.0163830207523885
"WLExampleData","registry",4.0163830207523885
"WLExampleData","regression",3.6109179126442243
"WLExampleData","regular",3.6109179126442243
"WLExampleData","regularly",4.0163830207523885
"WLExampleData","reinfused",4.0163830207523885
"WLExampleData","relation",3.6109179126442243
"WLExampleData","relative",4.0163830207523885
"WLExampleData","remission",4.0163830207523885
"WLExampleData","remove",4.0163830207523885
"WLExampleData","removed",4.0163830207523885
"WLExampleData","renal",4.0163830207523885
"WLExampleData","replace",4.0163830207523885
"WLExampleData","replapse",4.0163830207523885
"WLExampleData","replenish",4.0163830207523885
"WLExampleData","reported",4.0163830207523885
"WLExampleData","represents",4.0163830207523885
"WLExampleData","reserve",4.0163830207523885
"WLExampleData","residence",4.0163830207523885
"WLExampleData","residents",4.0163830207523885
"WLExampleData","residue",4.0163830207523885
"WLExampleData","responses",4.0163830207523885
"WLExampleData","resulting",4.0163830207523885
"WLExampleData","retirement",4.0163830207523885
"WLExampleData","retraction",4.0163830207523885
"WLExampleData","retrospective",4.0163830207523885
"WLExampleData","returns",4.0163830207523885
"WLExampleData","revenue",3.6109179126442243
"WLExampleData","rico",4.0163830207523885
"WLExampleData","right",3.3232358401924436
"WLExampleData","risk",3.6109179126442243
"WLExampleData","river",3.6109179126442243
"WLExampleData","rivers",4.0163830207523885
"WLExampleData","rock",4.0163830207523885
"WLExampleData","rousseeuw",4.0163830207523885
"WLExampleData","rudolf",4.0163830207523885
"WLExampleData","run",4.0163830207523885
"WLExampleData","salaries",4.0163830207523885
"WLExampleData","sale",4.0163830207523885
"WLExampleData","sales",4.0163830207523885
"WLExampleData","sample",3.100092288878234
"WLExampleData","samples",2.512305623976115
"WLExampleData","sampling",3.6109179126442243
"WLExampleData","savings",4.0163830207523885
"WLExampleData","scientific",4.0163830207523885
"WLExampleData","scottish",4.0163830207523885
"WLExampleData","season",4.0163830207523885
"WLExampleData","seasonally",4.0163830207523885
"WLExampleData","seat",4.0163830207523885
"WLExampleData","second",3.3232358401924436
"WLExampleData","seconds",3.6109179126442243
"WLExampleData","secretion",4.0163830207523885
"WLExampleData","sections",4.0163830207523885
"WLExampleData","seed",4.0163830207523885
"WLExampleData","seeded",4.0163830207523885
"WLExampleData","seeding",4.0163830207523885
"WLExampleData","selected",3.6109179126442243
"WLExampleData","sepal",4.0163830207523885
"WLExampleData","separated",4.0163830207523885
"WLExampleData","september",4.0163830207523885
"WLExampleData","series",1.5740359853831845
"WLExampleData","serious",4.0163830207523885
"WLExampleData","seriously",4.0163830207523885
"WLExampleData","serum",4.0163830207523885
"WLExampleData","set",2.763620052257021
"WLExampleData","setting",4.0163830207523885
"WLExampleData","settling",4.0163830207523885
"WLExampleData","seven",4.0163830207523885
"WLExampleData","seventeen",3.6109179126442243
"WLExampleData","severe",4.0163830207523885
"WLExampleData","severity",4.0163830207523885
"WLExampleData","sex",4.0163830207523885
"WLExampleData","sexes",4.0163830207523885
"WLExampleData","share",4.0163830207523885
"WLExampleData","short",4.0163830207523885
"WLExampleData","showing",3.6109179126442243
"WLExampleData","sibling",4.0163830207523885
"WLExampleData","signed",4.0163830207523885
"WLExampleData","silver",4.0163830207523885
"WLExampleData","singer",4.0163830207523885
"WLExampleData","singers",4.0163830207523885
"WLExampleData","site",4.0163830207523885
"WLExampleData","six",3.6109179126442243
"WLExampleData","sleep",3.6109179126442243
"WLExampleData","sleeping",4.0163830207523885
"WLExampleData","snodgrass",4.0163830207523885
"WLExampleData","snow",4.0163830207523885
"WLExampleData","snowfall",4.0163830207523885
"WLExampleData","society",4.0163830207523885
"WLExampleData","socio",4.0163830207523885
"WLExampleData","socioeconomic",4.0163830207523885
"WLExampleData","soil",4.0163830207523885
"WLExampleData","sometimes",4.0163830207523885
"WLExampleData","soporific",4.0163830207523885
"WLExampleData","soprano",4.0163830207523885
"WLExampleData","soprano2",4.0163830207523885
"WLExampleData","sources",4.0163830207523885
"WLExampleData","southwales",4.0163830207523885
"WLExampleData","spacing",4.0163830207523885
"WLExampleData","speaking",4.0163830207523885
"WLExampleData","species",3.3232358401924436
"WLExampleData","spectrophotometer",4.0163830207523885
"WLExampleData","speed",3.3232358401924436
"WLExampleData","stack",4.0163830207523885
"WLExampleData","stackloss",4.0163830207523885
"WLExampleData","stamford",4.0163830207523885
"WLExampleData","standard",4.0163830207523885
"WLExampleData","standardized",4.0163830207523885
"WLExampleData","state",3.3232358401924436
"WLExampleData","states",2.917770732084279
"WLExampleData","steel",4.0163830207523885
"WLExampleData","steroid",4.0163830207523885
"WLExampleData","stimulated",4.0163830207523885
"WLExampleData","stock",4.0163830207523885
"WLExampleData","stop",4.0163830207523885
"WLExampleData","stopping",4.0163830207523885
"WLExampleData","strength",3.3232358401924436
"WLExampleData","study",2.763620052257021
"WLExampleData","subjects",4.0163830207523885
"WLExampleData","substrate",4.0163830207523885
"WLExampleData","suburbs",4.0163830207523885
"WLExampleData","suggested",4.0163830207523885
"WLExampleData","sulphuric",4.0163830207523885
"WLExampleData","sunspot",4.0163830207523885
"WLExampleData","superclusters",4.0163830207523885
"WLExampleData","supplements",4.0163830207523885
"WLExampleData","supplied",4.0163830207523885
"WLExampleData","surface",4.0163830207523885
"WLExampleData","survey",3.100092288878234
"WLExampleData","surveys",4.0163830207523885
"WLExampleData","survival",3.3232358401924436
"WLExampleData","swiss",3.6109179126442243
"WLExampleData","switzerland",4.0163830207523885
"WLExampleData","sydney",4.0163830207523885
"WLExampleData","syenite",4.0163830207523885
"WLExampleData","syndrome",4.0163830207523885
"WLExampleData","system",4.0163830207523885
"WLExampleData","systems",4.0163830207523885
"WLExampleData","table",3.6109179126442243
"WLExampleData","taken",4.0163830207523885
"WLExampleData","techniques",4.0163830207523885
"WLExampleData","teeth",4.0163830207523885
"WLExampleData","telemetry",4.0163830207523885
"WLExampleData","telephone",4.0163830207523885
"WLExampleData","temperature",3.100092288878234
"WLExampleData","temperatures",3.100092288878234
"WLExampleData","ten",4.0163830207523885
"WLExampleData","term",4.0163830207523885
"WLExampleData","territory",3.6109179126442243
"WLExampleData","terrorism",4.0163830207523885
"WLExampleData","terrorist",4.0163830207523885
"WLExampleData","test",4.0163830207523885
"WLExampleData","testing",4.0163830207523885
"WLExampleData","tests",4.0163830207523885
"WLExampleData","ther",4.0163830207523885
"WLExampleData","therapy",4.0163830207523885
"WLExampleData","third",4.0163830207523885
"WLExampleData","thirteen",4.0163830207523885
"WLExampleData","thirty",4.0163830207523885
"WLExampleData","thousands",3.3232358401924436
"WLExampleData","timber",4.0163830207523885
"WLExampleData","time",1.7650912221458936
"WLExampleData","times",2.512305623976115
"WLExampleData","tissue",4.0163830207523885
"WLExampleData","tooth",4.0163830207523885
"WLExampleData","top",4.0163830207523885
"WLExampleData","total",3.6109179126442243
"WLExampleData","totals",3.3232358401924436
"WLExampleData","traditional",4.0163830207523885
"WLExampleData","transect",4.0163830207523885
"WLExampleData","transfusion",4.0163830207523885
"WLExampleData","transplant",3.3232358401924436
"WLExampleData","transplantation",4.0163830207523885
"WLExampleData","transplants",3.3232358401924436
"WLExampleData","traverse",4.0163830207523885
"WLExampleData","treatment",3.3232358401924436
"WLExampleData","treatments",4.0163830207523885
"WLExampleData","tree",3.6109179126442243
"WLExampleData","trees",3.100092288878234
"WLExampleData","trial",4.0163830207523885
"WLExampleData","troop",4.0163830207523885
"WLExampleData","true",4.0163830207523885
"WLExampleData","truncated",3.6109179126442243
"WLExampleData","trunk",4.0163830207523885
"WLExampleData","turramura",4.0163830207523885
"WLExampleData","turramurra",4.0163830207523885
"WLExampleData","twain",4.0163830207523885
"WLExampleData","types",4.0163830207523885
"WLExampleData","uganda",3.6109179126442243
"WLExampleData","ukunemployment",4.0163830207523885
"WLExampleData","unemployement",4.0163830207523885
"WLExampleData","unemployment",4.0163830207523885
"WLExampleData","unemploymet",4.0163830207523885
"WLExampleData","unfilled",4.0163830207523885
"WLExampleData","unit",4.0163830207523885
"WLExampleData","united",3.100092288878234
"WLExampleData","units",4.0163830207523885
"WLExampleData","universe",4.0163830207523885
"WLExampleData","university",3.3232358401924436
"WLExampleData","urban",4.0163830207523885
"WLExampleData","urinary",4.0163830207523885
"WLExampleData","urine",4.0163830207523885
"WLExampleData","usa",3.6109179126442243
"WLExampleData","use",4.0163830207523885
"WLExampleData","used",2.917770732084279
"WLExampleData","ushogprices",4.0163830207523885
"WLExampleData","using",4.0163830207523885
"WLExampleData","utero",4.0163830207523885
"WLExampleData","value",4.0163830207523885
"WLExampleData","values",3.100092288878234
"WLExampleData","vapor",4.0163830207523885
"WLExampleData","variable",3.6109179126442243
"WLExampleData","variables",3.3232358401924436
"WLExampleData","variance",4.0163830207523885
"WLExampleData","variegatus",4.0163830207523885
"WLExampleData","varieties",4.0163830207523885
"WLExampleData","variety",4.0163830207523885
"WLExampleData","vector",4.0163830207523885
"WLExampleData","velocities",3.6109179126442243
"WLExampleData","velocity",3.6109179126442243
"WLExampleData","versus",4.0163830207523885
"WLExampleData","via",4.0163830207523885
"WLExampleData","vilaine",4.0163830207523885
"WLExampleData","virgin",4.0163830207523885
"WLExampleData","virus",4.0163830207523885
"WLExampleData","viscosity",4.0163830207523885
"WLExampleData","vitamin",4.0163830207523885
"WLExampleData","vocal",4.0163830207523885
"WLExampleData","voice",4.0163830207523885
"WLExampleData","voices",4.0163830207523885
"WLExampleData","voids",4.0163830207523885
"WLExampleData","volcanic",4.0163830207523885
"WLExampleData","volcanoes",4.0163830207523885
"WLExampleData","volume",4.0163830207523885
"WLExampleData","volunteers",4.0163830207523885
"WLExampleData","waiting",3.6109179126442243
"WLExampleData","warp",4.0163830207523885
"WLExampleData","water",3.6109179126442243
"WLExampleData","way",4.0163830207523885
"WLExampleData","wearing",4.0163830207523885
"WLExampleData","weaving",4.0163830207523885
"WLExampleData","weeks",4.0163830207523885
"WLExampleData","weight",2.763620052257021
"WLExampleData","weights",3.100092288878234
"WLExampleData","western",4.0163830207523885
"WLExampleData","wettest",4.0163830207523885
"WLExampleData","wholemeal",4.0163830207523885
"WLExampleData","width",4.0163830207523885
"WLExampleData","windows",4.0163830207523885
"WLExampleData","wisconsin",4.0163830207523885
"WLExampleData","wolf",4.0163830207523885
"WLExampleData","wolfsunspotnumbers",4.0163830207523885
"WLExampleData","women",3.6109179126442243
"WLExampleData","word",4.0163830207523885
"WLExampleData","words",4.0163830207523885
"WLExampleData","worldwide",3.6109179126442243
"WLExampleData","yarn",4.0163830207523885
"WLExampleData","year",3.3232358401924436
"WLExampleData","yearly",3.6109179126442243
"WLExampleData","years",2.917770732084279
"WLExampleData","yellowstone",4.0163830207523885
"WLExampleData","yield",3.6109179126442243
"WLExampleData","yields",3.6109179126442243
"WLExampleData","yonkers",4.0163830207523885
"WLExampleData","york",3.3232358401924436
"WLExampleData","young",4.0163830207523885
"WLExampleData","zero",4.0163830207523885
